model,acc,f1_macro,balanced_acc,recall_tag2
svm,0.8777777777777778,0.812889812889813,0.8344077356970185,0.7647058823529411
weighted_voting,0.8777777777777778,0.812889812889813,0.8344077356970185,0.7647058823529411
rf,0.8666666666666667,0.782433521353747,0.782433521353747,0.6470588235294118
nb,0.7666666666666667,0.7192096270984994,0.8336019339242546,0.9411764705882353
