mean_fit_time,std_fit_time,mean_score_time,std_score_time,param_C,params,split0_test_score,split1_test_score,split2_test_score,mean_test_score,std_test_score,rank_test_score
3.1008952458699546,0.08061962566574757,0.3346524238586426,0.033559126983052946,0.31489116479568624,{'C': np.float64(0.31489116479568624)},0.7475961538461539,0.7603514844894155,0.6948717948717948,0.7342731444024547,0.02834342220672086,1
2.9924185276031494,0.0997038323285816,0.24586868286132812,0.005720641334656935,63.512210106407046,{'C': np.float64(63.512210106407046)},0.7058342866481452,0.6571428571428571,0.6113933236574747,0.6581234891494924,0.038561596630158936,2
3.021871328353882,0.10275111859082671,0.2768373489379883,0.06881852779547888,8.471801418819979,{'C': np.float64(8.471801418819979)},0.7058342866481452,0.6571428571428571,0.6113933236574747,0.6581234891494924,0.038561596630158936,2
3.406195958455404,0.05172948222189218,0.22182130813598633,0.021327245663175346,2.481040974867813,{'C': np.float64(2.481040974867813)},0.7058342866481452,0.6571428571428571,0.6113933236574747,0.6581234891494924,0.038561596630158936,2
3.286600351333618,0.15442832407069873,0.23858038584391275,0.007919577941414124,0.04207988669606638,{'C': np.float64(0.04207988669606638)},0.15492957746478872,0.4470046082949309,0.15602836879432624,0.2526541848513486,0.13742723445547772,5
3.0413102308909097,0.08968625820151975,0.23052374521891275,0.00277781728547171,0.042070539502879395,{'C': np.float64(0.042070539502879395)},0.15492957746478872,0.4470046082949309,0.15602836879432624,0.2526541848513486,0.13742723445547772,5
